timestamp,signal,value
0.00,elevator_position,0.00
0.00,elevator_current,2.10
0.00,drive_left_velocity,0.00
0.00,drive_right_velocity,0.00
0.00,gyro_yaw,0.00
0.02,elevator_position,0.03
0.02,elevator_current,8.40
0.02,drive_left_velocity,0.45
0.02,drive_right_velocity,0.47
0.02,gyro_yaw,0.10
0.04,elevator_position,0.08
0.04,elevator_current,12.70
0.04,drive_left_velocity,0.92
0.04,drive_right_velocity,0.95
0.04,gyro_yaw,0.18
0.06,elevator_position,0.15
0.06,elevator_current,15.20
0.06,drive_left_velocity,1.31
0.06,drive_right_velocity,1.28
0.06,gyro_yaw,0.25
0.08,elevator_position,0.23
0.08,elevator_current,14.60
0.08,drive_left_velocity,1.58
0.08,drive_right_velocity,1.55
0.08,gyro_yaw,0.33
0.10,elevator_position,0.32
0.10,elevator_current,13.90
0.10,drive_left_velocity,1.72
0.10,drive_right_velocity,1.70
0.10,gyro_yaw,0.39